StartTime,EndTime,DriveMeter,WaitMeter,Fare
20:53:37,20:53:58,9.05617710002116,11.743625600007363,0.69
20:54:07,20:54:11,1.4807308999879751,2.2549389000050724,0.12
21:15:33,21:15:37,1.1761896000243723,2.3510501999990083,0.11
21:25:42,21:25:51,1.2047591999871656,2.4894642000144813,0.11
