StartTime,EndTime,DriveMeter,WaitMeter,Fare
20:53:37,20:53:58,9.05617710002116,11.743625600007363,0.69
20:54:07,20:54:11,1.4807308999879751,2.2549389000050724,0.12
