StartTime,EndTime,DriveMeter,WaitMeter,Fare
1739534171.5150044,,0.6518764000065858,0.7163542000052985,0.0
1739534235.7706387,,0.34350600000470877,0.5285797999968054,0.0
1739534238.8505824,,0.4571365000010701,1.0802203999919584,0.0
1739534301.0995712,,2.2637553000095068,1.8555336999997962,0.0
1739534627.8347301,1739534634.0190566,1.920622599995113,1.015618600009475,0.12
1739534636.7481854,1739534693.6992157,0,0,0.0
1739534728.555941,1739534823.4987504,70.6328949000017,15.894700799995917,3.85
1739534997.363829,1739535040.2427244,6.287850699998671,32.78502070000104,0.97
