StartTime,EndTime,DriveMeter,WaitMeter,Fare
12:54:04,12:54:08,1.9364337000006344,1.7032840000174474,0.13
17:54:04,17:54:07,0.4158672000048682,2.4077795000048354,0.07
